date,inv,trans_qty,lead_time_coverage,desc
11/1/2023 14:22,6863.5,-36,1.15,Issue for Material Requisition
11/1/2023 14:27,6827.5,-36,1.14,Issue for Material Requisition
11/2/2023 16:52,6755.5,-72,1.13,Issue for Material Requisition
11/3/2023 11:35,6683.5,-72,1.12,Issue for Material Requisition
11/3/2023 17:33,6611.5,-72,1.11,Issue for Material Requisition
11/4/2023 8:17,6575.5,-36,1.1,Issue for Material Requisition
11/4/2023 8:20,6563.5,-12,1.1,Issue for Material Requisition
11/4/2023 8:29,6527.5,-36,1.09,Issue for Material Requisition
11/4/2023 8:56,6491.5,-36,1.09,Issue for Material Requisition
11/4/2023 9:59,6419.5,-72,1.08,Issue for Material Requisition
11/4/2023 17:36,6347.5,-72,1.06,Issue for Material Requisition
11/4/2023 17:54,6275.5,-72,1.05,Issue for Material Requisition
11/5/2023 8:52,6263.5,-12,1.05,Issue for Material Requisition
11/5/2023 8:54,6255.1,-8.4,1.05,Issue for Material Requisition
11/5/2023 8:57,6183.1,-72,1.04,Issue for Material Requisition
11/5/2023 9:06,6176.5,-6.6,1.04,Issue for Material Requisition
11/5/2023 17:08,6104.5,-72,1.02,Issue for Material Requisition
11/6/2023 8:46,6068.5,-36,1.02,Issue for Material Requisition
11/6/2023 15:30,6043.5,-25,1.01,Issue for Material Requisition
11/7/2023 10:44,6007.5,-36,1.01,Issue for Material Requisition
11/7/2023 16:40,5935.5,-72,1,Issue for Material Requisition
11/9/2023 9:23,5863.5,-72,0.98,Issue for Material Requisition
11/9/2023 11:55,5851.5,-12,0.98,Issue for Material Requisition
11/9/2023 13:14,5815.5,-36,0.98,Issue for Material Requisition
11/9/2023 16:42,5743.5,-72,0.96,Issue for Material Requisition
11/9/2023 16:51,5731.5,-12,0.96,Issue for Material Requisition
11/10/2023 12:12,5662.5,-69,0.95,Issue for Material Requisition
11/11/2023 12:52,5595,-67.5,0.94,Issue for Material Requisition
11/13/2023 8:46,5529,-66,0.93,Issue for Material Requisition
11/13/2023 13:54,5481,-48,0.92,Issue for Material Requisition
11/13/2023 14:03,5445,-36,0.91,Issue for Material Requisition
11/13/2023 14:49,5397,-48,0.9,Issue for Material Requisition
11/13/2023 14:50,5352,-45,0.9,Issue for Material Requisition
11/13/2023 15:03,5316,-3,0.89,Issue for Material Requisition
11/13/2023 15:03,5319,-33,0.89,Issue for Material Requisition
11/13/2023 15:28,5248.5,-67.5,0.88,Issue for Material Requisition
11/14/2023 9:05,5212.5,-36,0.87,Issue for Material Requisition
11/15/2023 7:30,5164.5,-48,0.87,Issue for Material Requisition
11/15/2023 7:39,5097,-67.5,0.85,Issue for Material Requisition
11/18/2023 8:04,5049,-48,0.85,Issue for Material Requisition
11/18/2023 8:16,5003,-46,0.84,Issue for Material Requisition
11/18/2023 8:20,4958,-45,0.83,Issue for Material Requisition
11/18/2023 8:53,4890.5,-67.5,0.82,Issue for Material Requisition
11/18/2023 8:57,4823,-67.5,0.81,Issue for Material Requisition
11/18/2023 9:01,4755.5,-67.5,0.8,Issue for Material Requisition
11/19/2023 11:26,4701.5,-54,0.79,Issue for Material Requisition
11/19/2023 11:53,4656.5,-45,0.78,Issue for Material Requisition
11/20/2023 10:19,4620.5,-36,0.77,Issue for Material Requisition
11/20/2023 12:06,4553,-67.5,0.76,Issue for Material Requisition
11/21/2023 7:56,4517,-36,0.76,Issue for Material Requisition
11/21/2023 11:28,4505,-12,0.76,Issue for Material Requisition
11/21/2023 11:33,4433,-72,0.74,Issue for Material Requisition
11/22/2023 15:23,4361,-72,0.73,Issue for Material Requisition
11/24/2023 8:49,4349,-12,0.73,Issue for Material Requisition
11/24/2023 8:55,4277,-72,0.72,Issue for Material Requisition
11/24/2023 10:53,4241,-36,0.71,Issue for Material Requisition
11/24/2023 11:01,4205,-36,0.71,Issue for Material Requisition
11/25/2023 9:59,4169,-36,0.7,Issue for Material Requisition
11/25/2023 11:53,4097,-72,0.69,Issue for Material Requisition
11/25/2023 11:57,4025,-72,0.67,Issue for Material Requisition
11/27/2023 9:22,3989,-36,0.67,Issue for Material Requisition
11/27/2023 9:23,3953,-36,0.66,Issue for Material Requisition
11/27/2023 9:24,3949,-4,0.66,Issue for Material Requisition
11/27/2023 9:25,3930,-19,0.66,Issue for Material Requisition
11/28/2023 8:57,3894,-36,0.65,Issue for Material Requisition
11/28/2023 9:08,3858,-36,0.65,Issue for Material Requisition
11/28/2023 13:52,3834,-24,0.64,Issue for Material Requisition
11/28/2023 18:30,3762,-72,0.63,Issue for Material Requisition
11/29/2023 8:31,3726,-36,0.62,Issue for Material Requisition
11/29/2023 11:31,3654,-72,0.61,Issue for Material Requisition
11/30/2023 9:44,3618,-36,0.61,Issue for Material Requisition
11/30/2023 15:51,3546,-72,0.59,Issue for Material Requisition
11/30/2023 16:55,3474,-72,0.58,Issue for Material Requisition
12/1/2023 8:29,3438,-36,0.58,Issue for Material Requisition
12/1/2023 12:31,3366,-72,0.56,Issue for Material Requisition
12/2/2023 8:34,3330,-36,0.56,Issue for Material Requisition
12/3/2023 7:42,3294,-36,0.55,Issue for Material Requisition
12/3/2023 10:15,3222,-72,0.54,Issue for Material Requisition
12/3/2023 10:30,3150,-72,0.53,Issue for Material Requisition
12/3/2023 16:05,3090,-60,0.52,Issue for Material Requisition
12/5/2023 8:25,3042,-48,0.51,Issue for Material Requisition
12/5/2023 14:41,2982,-60,0.5,Issue for Material Requisition
12/5/2023 16:52,2934,-48,0.49,Issue for Material Requisition
12/6/2023 13:21,2862,-72,0.48,Issue for Material Requisition
12/7/2023 8:40,2817,-45,0.47,Issue for Material Requisition
12/7/2023 14:16,2745,-72,0.46,Issue for Material Requisition
12/8/2023 9:40,2709,-36,0.45,Issue for Material Requisition
12/9/2023 8:49,2637,-72,0.44,Issue for Material Requisition
12/9/2023 9:07,2589,-48,0.43,Issue for Material Requisition
12/9/2023 14:16,2553,-36,0.43,Issue for Material Requisition
12/11/2023 7:32,2481,-72,0.42,Issue for Material Requisition
12/11/2023 9:29,2445,-36,0.41,Issue for Material Requisition
12/11/2023 9:37,2409,-36,0.4,Issue for Material Requisition
12/11/2023 17:19,2406,-3,0.4,Issue for Material Requisition
12/11/2023 17:24,2334,-72,0.39,Issue for Material Requisition
12/12/2023 11:03,2262,-72,0.38,Issue for Material Requisition
12/13/2023 7:18,2226,-36,0.37,Issue for Material Requisition
12/14/2023 9:11,2154,-72,0.36,Issue for Material Requisition
12/14/2023 9:58,2142,-12,0.36,Issue for Material Requisition
12/14/2023 15:48,2070,-72,0.35,Issue for Material Requisition
12/15/2023 9:46,1998,-72,0.34,Issue for Material Requisition
12/15/2023 10:26,1962,-36,0.33,Issue for Material Requisition
12/15/2023 10:42,1926,-36,0.32,Issue for Material Requisition
12/17/2023 12:48,1890,-36,0.32,Issue for Material Requisition
12/17/2023 13:49,1818,-72,0.3,Issue for Material Requisition
12/18/2023 9:38,1782,-36,0.3,Issue for Material Requisition
12/18/2023 14:09,5250,-24,0.88,Issue for Material Requisition
12/20/2023 8:18,8718,-36,1.46,Issue for Material Requisition
12/20/2023 8:23,8682,-36,1.46,Issue for Material Requisition
12/20/2023 8:33,8646,-36,1.45,Issue for Material Requisition
12/20/2023 18:22,8574,-72,1.44,Issue for Material Requisition
12/21/2023 8:39,8502,-72,1.43,Issue for Material Requisition
12/21/2023 13:32,8466,-36,1.42,Issue for Material Requisition
12/21/2023 13:41,8442,-24,1.42,Issue for Material Requisition
12/21/2023 17:07,8370,-72,1.4,Issue for Material Requisition
12/22/2023 11:47,8298,-72,1.39,Issue for Material Requisition
12/23/2023 7:48,8262,-36,1.39,Issue for Material Requisition
12/23/2023 9:00,8214,-48,1.38,Issue for Material Requisition
12/23/2023 10:25,8142,-72,1.37,Issue for Material Requisition
12/24/2023 14:45,8070,-72,1.35,Issue for Material Requisition
12/24/2023 14:49,8064,-6,1.35,Issue for Material Requisition
12/25/2023 11:17,8016,-48,1.34,Issue for Material Requisition
12/25/2023 11:22,7968,-48,1.34,Issue for Material Requisition
12/25/2023 14:14,7922,-46,1.33,Issue for Material Requisition
12/26/2023 13:55,7850,-72,1.32,Issue for Material Requisition
12/26/2023 14:00,7802,-48,1.31,Issue for Material Requisition
12/30/2023 8:18,7730,-33,1.3,Issue for Material Requisition
12/30/2023 8:18,7763,-33,1.3,Issue for Material Requisition
12/30/2023 8:18,7796,-6,1.31,Issue for Material Requisition
12/30/2023 8:29,7718,-12,1.29,Issue for Material Requisition
12/30/2023 8:43,7670,-48,1.29,Issue for Material Requisition
12/30/2023 8:57,7634,-36,1.28,Issue for Material Requisition
12/30/2023 9:03,7598,-36,1.27,Issue for Material Requisition
12/30/2023 9:10,7526,-72,1.26,Issue for Material Requisition
12/30/2023 9:48,7454,-72,1.25,Issue for Material Requisition
12/30/2023 16:00,7421,-33,1.24,Issue for Material Requisition
12/31/2023 11:39,7349,-72,1.23,Issue for Material Requisition
1/1/2024 14:39,7304,-45,1.22,Issue for Material Requisition
1/2/2024 15:51,7271,-33,1.22,Issue for Material Requisition
1/2/2024 15:53,7238,-33,1.21,Issue for Material Requisition
1/2/2024 17:58,7166,-72,1.2,Issue for Material Requisition
1/3/2024 12:47,7094,-72,1.19,Issue for Material Requisition
1/3/2024 13:11,7082,-12,1.19,Issue for Material Requisition
1/3/2024 14:16,7046,-36,1.18,Issue for Material Requisition
1/4/2024 10:40,6974,-72,1.17,Issue for Material Requisition
1/5/2024 11:58,6902,-72,1.16,Issue for Material Requisition
1/5/2024 12:22,6894,-8,1.16,Issue for Material Requisition
1/5/2024 12:23,6893,-1,1.16,Issue for Material Requisition
1/6/2024 8:18,6857,-36,1.15,Issue for Material Requisition
1/6/2024 8:23,6821,-36,1.14,Issue for Material Requisition
1/6/2024 8:34,6785,-36,1.14,Issue for Material Requisition
1/6/2024 14:46,6713,-72,1.13,Issue for Material Requisition
1/7/2024 7:57,6677,-36,1.12,Issue for Material Requisition
1/8/2024 8:37,6605,-72,1.11,Issue for Material Requisition
1/9/2024 8:01,6545,-60,1.1,Issue for Material Requisition
1/9/2024 8:44,6473,-72,1.09,Issue for Material Requisition
1/9/2024 13:54,6437,-36,1.08,Issue for Material Requisition
1/9/2024 16:24,6365,-72,1.07,Issue for Material Requisition
1/10/2024 13:25,6305,-60,1.06,Issue for Material Requisition
1/12/2024 10:38,6233,-72,1.05,Issue for Material Requisition
1/12/2024 11:28,6161,-72,1.03,Issue for Material Requisition
1/12/2024 16:04,6125,-36,1.03,Issue for Material Requisition
1/12/2024 16:07,6089,-36,1.02,Issue for Material Requisition
1/13/2024 7:52,6029,-60,1.01,Issue for Material Requisition
1/13/2024 8:20,5993,-36,1,Issue for Material Requisition
1/13/2024 17:13,5909,-84,0.99,Issue for Material Requisition
1/14/2024 8:27,5861,-25,0.98,Issue for Material Requisition
1/14/2024 8:27,5886,-23,0.99,Issue for Material Requisition
1/17/2024 12:44,5813,-48,0.97,Issue for Material Requisition
1/17/2024 13:10,5765,-48,0.97,Issue for Material Requisition
1/20/2024 15:28,5717,-48,0.96,Issue for Material Requisition
1/20/2024 15:43,5675,-42,0.95,Issue for Material Requisition
1/21/2024 7:27,5627,-48,0.94,Issue for Material Requisition
1/21/2024 7:41,5555,-72,0.93,Issue for Material Requisition
1/21/2024 8:03,5507,-48,0.92,Issue for Material Requisition
1/21/2024 8:08,5459,-48,0.92,Issue for Material Requisition
1/21/2024 8:16,5387,-72,0.9,Issue for Material Requisition
1/21/2024 8:28,5339,-48,0.9,Issue for Material Requisition
1/21/2024 8:35,5291,-48,0.89,Issue for Material Requisition
1/21/2024 8:53,5258,-33,0.88,Issue for Material Requisition
1/21/2024 8:58,5186,-72,0.87,Issue for Material Requisition
1/22/2024 11:30,5150,-36,0.86,Issue for Material Requisition
1/23/2024 14:53,5078,-72,0.85,Issue for Material Requisition
1/23/2024 15:01,5006,-72,0.84,Issue for Material Requisition
1/23/2024 15:33,4970,-36,0.83,Issue for Material Requisition
1/23/2024 15:38,4934,-36,0.83,Issue for Material Requisition
1/24/2024 17:18,4874,-60,0.82,Issue for Material Requisition
1/25/2024 16:12,4802,-72,0.81,Issue for Material Requisition
1/25/2024 16:30,4790,-12,0.8,Issue for Material Requisition
1/26/2024 12:22,4754,-36,0.8,Issue for Material Requisition
1/26/2024 12:23,4718,-36,0.79,Issue for Material Requisition
1/26/2024 13:36,4646,-72,0.78,Issue for Material Requisition
1/27/2024 8:04,4610,-36,0.77,Issue for Material Requisition
1/27/2024 16:51,4538,-72,0.76,Issue for Material Requisition
1/28/2024 7:44,4502,-36,0.75,Issue for Material Requisition
1/28/2024 8:17,4430,-72,0.74,Issue for Material Requisition
1/28/2024 13:37,4358,-72,0.73,Issue for Material Requisition
1/29/2024 11:18,4322,-36,0.72,Issue for Material Requisition
1/29/2024 12:21,4250,-72,0.71,Issue for Material Requisition
1/30/2024 8:25,4214,-36,0.71,Issue for Material Requisition
1/30/2024 11:27,4142,-72,0.69,Issue for Material Requisition
1/30/2024 12:24,4139,-3,0.69,Issue for Material Requisition
1/30/2024 15:05,4103,-36,0.69,Issue for Material Requisition
1/31/2024 16:36,4031,-72,0.68,Issue for Material Requisition
2/1/2024 8:44,3995,-36,0.67,Issue for Material Requisition
2/1/2024 10:40,3947,-48,0.66,Issue for Material Requisition
2/2/2024 9:20,3875,-72,0.65,Issue for Material Requisition
2/3/2024 7:48,3827,-48,0.64,Issue for Material Requisition
2/3/2024 15:32,3755,-72,0.63,Issue for Material Requisition
2/4/2024 9:04,3683,-72,0.62,Issue for Material Requisition
2/6/2024 14:09,3635,-48,0.61,Issue for Material Requisition
2/6/2024 14:13,3587,-48,0.6,Issue for Material Requisition
2/6/2024 14:28,3539,-48,0.59,Issue for Material Requisition
2/6/2024 14:39,3491,-48,0.59,Issue for Material Requisition
2/8/2024 14:28,3443,-48,0.58,Issue for Material Requisition
2/10/2024 7:44,3395,-48,0.57,Issue for Material Requisition
2/10/2024 8:22,3347,-48,0.56,Issue for Material Requisition
2/12/2024 8:39,3275,-72,0.55,Issue for Material Requisition
2/12/2024 8:43,3203,-72,0.54,Issue for Material Requisition
2/12/2024 8:52,3155,-48,0.53,Issue for Material Requisition
2/12/2024 9:01,3083,-72,0.52,Issue for Material Requisition
2/12/2024 9:06,3011,-72,0.5,Issue for Material Requisition
2/12/2024 9:10,2963,-48,0.5,Issue for Material Requisition
2/12/2024 9:24,2915,-48,0.49,Issue for Material Requisition
2/12/2024 10:23,2843,-72,0.48,Issue for Material Requisition
2/12/2024 14:12,2795,-48,0.47,Issue for Material Requisition
2/12/2024 14:27,2747,-48,0.46,Issue for Material Requisition
2/14/2024 13:58,2735,-12,0.46,Issue for Material Requisition
2/14/2024 14:44,2687,-48,0.45,Issue for Material Requisition
2/15/2024 9:50,2639,-48,0.44,Issue for Material Requisition
2/15/2024 11:21,2591,-48,0.43,Issue for Material Requisition
2/15/2024 16:51,2543,-48,0.43,Issue for Material Requisition
2/15/2024 16:55,2471,-72,0.41,Issue for Material Requisition
2/16/2024 13:52,2399,-72,0.4,Issue for Material Requisition
2/17/2024 14:08,2363,-36,0.4,Issue for Material Requisition
2/17/2024 14:32,2327,-36,0.39,Issue for Material Requisition
2/17/2024 14:41,2291,-36,0.38,Issue for Material Requisition
2/17/2024 14:50,2255,-36,0.38,Issue for Material Requisition
2/17/2024 17:38,2183,-72,0.37,Issue for Material Requisition
2/18/2024 12:34,2147,-36,0.36,Issue for Material Requisition
2/19/2024 9:31,2075,-72,0.35,Issue for Material Requisition
2/19/2024 9:48,2006,-69,0.34,Issue for Material Requisition
2/20/2024 11:27,1970,-36,0.33,Issue for Material Requisition
2/20/2024 12:01,1898,-72,0.32,Issue for Material Requisition
2/21/2024 15:17,1862,-36,0.31,Issue for Material Requisition
2/21/2024 15:17,1826,-36,0.31,Issue for Material Requisition
2/23/2024 11:21,6791,-36,1.14,Issue for Material Requisition
2/23/2024 11:25,6761,-30,1.13,Issue for Material Requisition
2/23/2024 11:59,6689,-72,1.12,Issue for Material Requisition
2/23/2024 12:04,6617,-72,1.11,Issue for Material Requisition
2/23/2024 12:06,6545,-72,1.1,Issue for Material Requisition
2/24/2024 16:48,6473,-72,1.09,Issue for Material Requisition
2/25/2024 10:58,6461,-12,1.08,Issue for Material Requisition
2/26/2024 12:36,6425,-36,1.08,Issue for Material Requisition
2/26/2024 12:37,6377,-48,1.07,Issue for Material Requisition
2/26/2024 12:44,6329,-48,1.06,Issue for Material Requisition
2/27/2024 12:20,6281,-48,1.05,Issue for Material Requisition
2/27/2024 15:10,6209,-72,1.04,Issue for Material Requisition
3/1/2024 11:18,6161,-48,1.03,Issue for Material Requisition
3/1/2024 11:26,6089,-72,1.02,Issue for Material Requisition
3/1/2024 11:33,6017,-72,1.01,Issue for Material Requisition
3/1/2024 11:38,5945,-72,1,Issue for Material Requisition
3/1/2024 14:34,5897,-48,0.99,Issue for Material Requisition
3/1/2024 14:45,5849,-48,0.98,Issue for Material Requisition
3/1/2024 14:51,5777,-72,0.97,Issue for Material Requisition
3/1/2024 15:00,5741,-36,0.96,Issue for Material Requisition
3/2/2024 15:59,5669,-72,0.95,Issue for Material Requisition
3/3/2024 11:01,5633,-36,0.94,Issue for Material Requisition
3/5/2024 10:28,10601,-36,1.78,Issue for Material Requisition
3/6/2024 17:36,10529,-72,1.77,Issue for Material Requisition
3/7/2024 15:34,10493,-36,1.76,Issue for Material Requisition
3/8/2024 7:48,10457,-36,1.75,Issue for Material Requisition
3/8/2024 8:03,10421,-36,1.75,Issue for Material Requisition
3/8/2024 8:07,10385,-36,1.74,Issue for Material Requisition
3/8/2024 10:34,10313,-72,1.73,Issue for Material Requisition
3/8/2024 10:38,10241,-72,1.72,Issue for Material Requisition
3/8/2024 10:42,10217,-24,1.71,Issue for Material Requisition
3/8/2024 10:43,10145,-72,1.7,Issue for Material Requisition
3/8/2024 17:52,10073,-72,1.69,Issue for Material Requisition
3/8/2024 18:06,10001,-72,1.68,Issue for Material Requisition
3/9/2024 8:16,9965,-36,1.67,Issue for Material Requisition
3/9/2024 16:49,9929,-36,1.66,Issue for Material Requisition
3/9/2024 17:23,9857,-72,1.65,Issue for Material Requisition
3/10/2024 12:53,9855.5,-1.5,1.65,Issue for Material Requisition
3/11/2024 9:14,9786.5,-69,1.64,Issue for Material Requisition
3/11/2024 9:58,9714.5,-72,1.63,Issue for Material Requisition
3/11/2024 14:14,9666.5,-48,1.62,Issue for Material Requisition
3/11/2024 16:14,9630.5,-36,1.61,Issue for Material Requisition
3/12/2024 11:54,9627.5,-3,1.61,Issue for Material Requisition
3/12/2024 11:54,9627,-0.5,1.61,Issue for Material Requisition
3/13/2024 8:51,9555,-72,1.6,Issue for Material Requisition
3/13/2024 11:35,9482,-73,1.59,Issue for Material Requisition
3/13/2024 15:12,9434,-48,1.58,Issue for Material Requisition
3/13/2024 16:35,9365.5,-68.5,1.57,Issue for Material Requisition
3/14/2024 16:04,9284.5,-81,1.56,Issue for Material Requisition
3/15/2024 12:56,9203.5,-81,1.54,Issue for Material Requisition
3/16/2024 10:15,9123.5,-80,1.53,Issue for Material Requisition
3/20/2024 10:02,9087.5,-36,1.52,Issue for Material Requisition
3/20/2024 10:05,9039.5,-48,1.52,Issue for Material Requisition
3/20/2024 10:12,9003.5,-36,1.51,Issue for Material Requisition
3/20/2024 10:19,8955.5,-48,1.5,Issue for Material Requisition
3/20/2024 10:27,8874.5,-81,1.49,Issue for Material Requisition
3/20/2024 10:30,8807,-67.5,1.48,Issue for Material Requisition
3/20/2024 10:32,8734.4,-72.6,1.46,Issue for Material Requisition
3/21/2024 14:56,8686.4,-48,1.46,Issue for Material Requisition
3/22/2024 8:32,8605.4,-81,1.44,Issue for Material Requisition
3/22/2024 8:52,8557.4,-48,1.43,Issue for Material Requisition
3/22/2024 9:28,8509.4,-48,1.43,Issue for Material Requisition
3/22/2024 9:46,8461.4,-48,1.42,Issue for Material Requisition
3/22/2024 9:49,8389.4,-72,1.41,Issue for Material Requisition
3/23/2024 9:30,8341.4,-48,1.4,Issue for Material Requisition
3/23/2024 9:58,8269.4,-72,1.39,Issue for Material Requisition
3/23/2024 11:44,8221.4,-48,1.38,Issue for Material Requisition
3/25/2024 10:01,8179.4,-42,1.37,Issue for Material Requisition
3/25/2024 10:10,8131.4,-48,1.36,Issue for Material Requisition
3/27/2024 19:04,8083.4,-48,1.36,Issue for Material Requisition
3/28/2024 10:09,8035.4,-48,1.35,Issue for Material Requisition
3/29/2024 12:47,7963.4,-72,1.34,Issue for Material Requisition
3/29/2024 14:21,7915.4,-48,1.33,Issue for Material Requisition
3/29/2024 14:25,7891.4,-24,1.32,Issue for Material Requisition
3/29/2024 14:28,7843.4,-48,1.32,Issue for Material Requisition
3/29/2024 14:30,7795.4,-48,1.31,Issue for Material Requisition
3/31/2024 9:39,7792.4,-3,1.31,Issue for Material Requisition
3/31/2024 9:52,7744.4,-48,1.3,Issue for Material Requisition
4/1/2024 10:21,7696.4,-48,1.29,Issue for Material Requisition
4/1/2024 13:01,7648.4,-48,1.28,Issue for Material Requisition
4/1/2024 13:51,7600.4,-48,1.27,Issue for Material Requisition
4/1/2024 13:55,7552.4,-48,1.27,Issue for Material Requisition
4/1/2024 16:10,7504.4,-48,1.26,Issue for Material Requisition
4/1/2024 16:12,7468.4,-36,1.25,Issue for Material Requisition
4/1/2024 16:15,7432.4,-36,1.25,Issue for Material Requisition
4/1/2024 16:18,7396.4,-36,1.24,Issue for Material Requisition
4/2/2024 9:20,7372.4,-24,1.24,Issue for Material Requisition
4/2/2024 9:23,7324.4,-48,1.23,Issue for Material Requisition
4/2/2024 9:26,7276.4,-48,1.22,Issue for Material Requisition
4/2/2024 14:56,7228.4,-48,1.21,Issue for Material Requisition
4/3/2024 15:15,7216.4,-12,1.21,Issue for Material Requisition
4/4/2024 16:07,7144.4,-72,1.2,Issue for Material Requisition
4/4/2024 16:18,7058,-12,1.18,Issue for Material Requisition
4/4/2024 16:18,7070,-74.4,1.19,Issue for Material Requisition
4/5/2024 11:45,6986,-72,1.17,Issue for Material Requisition
4/6/2024 9:45,6914,-72,1.16,Issue for Material Requisition
4/6/2024 12:03,6866,-48,1.15,Issue for Material Requisition
4/6/2024 12:12,6830,-36,1.15,Issue for Material Requisition
4/6/2024 12:17,6816,-14,1.14,Issue for Material Requisition
4/6/2024 12:17,6782,-34,1.14,Issue for Material Requisition
4/6/2024 12:20,6746,-36,1.13,Issue for Material Requisition
4/6/2024 14:09,6704,-42,1.12,Issue for Material Requisition
4/7/2024 12:53,6632,-72,1.11,Issue for Material Requisition
4/8/2024 12:28,6584,-48,1.1,Issue for Material Requisition
4/9/2024 14:33,6548,-36,1.1,Issue for Material Requisition
4/9/2024 14:36,6476,-72,1.09,Issue for Material Requisition
4/13/2024 11:33,6434,-42,1.08,Issue for Material Requisition
4/13/2024 11:57,6362,-72,1.07,Issue for Material Requisition
4/13/2024 12:46,6314,-48,1.06,Issue for Material Requisition
4/13/2024 12:52,6278,-36,1.05,Issue for Material Requisition
4/13/2024 12:54,6206,-72,1.04,Issue for Material Requisition
4/13/2024 12:57,6134,-72,1.03,Issue for Material Requisition
4/13/2024 13:08,6098,-36,1.02,Issue for Material Requisition
4/14/2024 9:18,6056,-42,1.02,Issue for Material Requisition
4/14/2024 10:00,5984,-72,1,Issue for Material Requisition
4/15/2024 11:21,5948,-36,1,Issue for Material Requisition
4/16/2024 14:14,5924,-24,0.99,Issue for Material Requisition
4/16/2024 14:42,5888,-36,0.99,Issue for Material Requisition
4/18/2024 18:22,5816,-72,0.98,Issue for Material Requisition
4/19/2024 15:06,5792,-24,0.97,Issue for Material Requisition
4/19/2024 15:38,5744,-48,0.96,Issue for Material Requisition
4/19/2024 15:53,5696,-48,0.96,Issue for Material Requisition
4/19/2024 16:01,5648,-48,0.95,Issue for Material Requisition
4/20/2024 12:22,5612,-36,0.94,Issue for Material Requisition
4/20/2024 13:01,5576,-36,0.93,Issue for Material Requisition
4/20/2024 13:08,5528,-48,0.93,Issue for Material Requisition
4/20/2024 13:13,5456,-72,0.91,Issue for Material Requisition
4/20/2024 13:15,5408,-48,0.91,Issue for Material Requisition
4/20/2024 17:39,5360,-48,0.9,Issue for Material Requisition
4/21/2024 11:35,5324,-36,0.89,Issue for Material Requisition
4/22/2024 8:40,5288,-36,0.89,Issue for Material Requisition
4/24/2024 7:58,5252,-36,0.88,Issue for Material Requisition
4/26/2024 12:55,5204,-48,0.87,Issue for Material Requisition
4/26/2024 13:10,5192,-12,0.87,Issue for Material Requisition
4/26/2024 13:18,5144,-48,0.86,Issue for Material Requisition
4/26/2024 13:25,5072,-72,0.85,Issue for Material Requisition
4/26/2024 15:11,5000,-72,0.84,Issue for Material Requisition
4/26/2024 15:34,4928,-72,0.83,Issue for Material Requisition
4/26/2024 15:34,4856,-72,0.81,Issue for Material Requisition
4/26/2024 15:36,4784,-72,0.8,Issue for Material Requisition
4/27/2024 10:54,4748,-36,0.8,Issue for Material Requisition
4/27/2024 10:58,4712,-36,0.79,Issue for Material Requisition
4/27/2024 11:02,4676,-36,0.78,Issue for Material Requisition
4/27/2024 16:21,4604,-72,0.77,Issue for Material Requisition
4/29/2024 14:35,4568,-36,0.77,Issue for Material Requisition
4/29/2024 14:46,4532,-36,0.76,Issue for Material Requisition
4/30/2024 13:36,4460,-72,0.75,Issue for Material Requisition
4/30/2024 13:44,4388,-72,0.74,Issue for Material Requisition
5/1/2024 14:03,4316,-72,0.72,Issue for Material Requisition
5/5/2024 7:51,4280,-36,0.72,Issue for Material Requisition
5/5/2024 8:07,4234,-46,0.71,Issue for Material Requisition
5/5/2024 8:18,4162,-72,0.7,Issue for Material Requisition
5/5/2024 8:26,4114,-48,0.69,Issue for Material Requisition
5/5/2024 8:40,4042,-72,0.68,Issue for Material Requisition
5/5/2024 9:48,3970,-72,0.67,Issue for Material Requisition
5/5/2024 10:01,3934,-36,0.66,Issue for Material Requisition
5/5/2024 10:10,3898,-36,0.65,Issue for Material Requisition
5/5/2024 11:30,3862,-36,0.65,Issue for Material Requisition
5/6/2024 9:17,3814,-48,0.64,Issue for Material Requisition
5/8/2024 10:12,3790,-24,0.64,Issue for Material Requisition
5/8/2024 10:36,3754,-36,0.63,Issue for Material Requisition
5/8/2024 11:01,3706,-48,0.62,Issue for Material Requisition
5/8/2024 11:06,3670,-36,0.62,Issue for Material Requisition
5/8/2024 11:09,3622,-48,0.61,Issue for Material Requisition
5/8/2024 11:24,3586,-36,0.6,Issue for Material Requisition
5/9/2024 14:01,3538,-48,0.59,Issue for Material Requisition
5/11/2024 17:01,3466,-72,0.58,Issue for Material Requisition
5/12/2024 16:16,3418,-48,0.57,Issue for Material Requisition
5/12/2024 16:39,3346,-72,0.56,Issue for Material Requisition
5/12/2024 17:03,3274,-72,0.55,Issue for Material Requisition
5/13/2024 15:47,3238,-36,0.54,Issue for Material Requisition
5/13/2024 15:49,3202,-36,0.54,Issue for Material Requisition
5/13/2024 15:51,3166,-36,0.53,Issue for Material Requisition
5/13/2024 15:55,3130,-36,0.52,Issue for Material Requisition
5/14/2024 9:04,3094,-36,0.52,Issue for Material Requisition
5/15/2024 7:54,3022,-72,0.51,Issue for Material Requisition
5/15/2024 9:10,2950,-72,0.49,Issue for Material Requisition
5/16/2024 7:59,2878,-72,0.48,Issue for Material Requisition
5/16/2024 10:29,2806,-72,0.47,Issue for Material Requisition
5/17/2024 10:00,2662,-144,0.45,Issue for Material Requisition
5/18/2024 14:02,2626,-36,0.44,Issue for Material Requisition
5/18/2024 14:15,2590,-36,0.43,Issue for Material Requisition
5/18/2024 14:17,2554,-36,0.43,Issue for Material Requisition
5/18/2024 14:19,2518,-36,0.42,Issue for Material Requisition
5/18/2024 16:45,2446,-72,0.41,Issue for Material Requisition
5/19/2024 9:34,2374,-72,0.4,Issue for Material Requisition
5/20/2024 8:32,2338,-36,0.39,Issue for Material Requisition
5/20/2024 8:40,2296,-42,0.38,Issue for Material Requisition
5/21/2024 8:37,2224,-72,0.37,Issue for Material Requisition
5/21/2024 9:03,2188,-36,0.37,Issue for Material Requisition
5/22/2024 13:20,2116,-72,0.35,Issue for Material Requisition
5/22/2024 13:24,2080,-36,0.35,Issue for Material Requisition
5/25/2024 7:38,2008,-72,0.34,Issue for Material Requisition
5/25/2024 7:57,1972,-36,0.33,Issue for Material Requisition
5/25/2024 8:11,1900,-72,0.32,Issue for Material Requisition
5/25/2024 10:25,1864,-36,0.31,Issue for Material Requisition
5/26/2024 7:45,1828,-36,0.31,Issue for Material Requisition
5/26/2024 8:11,1756,-72,0.29,Issue for Material Requisition
5/27/2024 7:49,1710,-46,0.29,Issue for Material Requisition
5/27/2024 7:49,1708,-2,0.29,Issue for Material Requisition
5/27/2024 13:20,1660,-48,0.28,Issue for Material Requisition
5/27/2024 13:23,1636,-24,0.27,Issue for Material Requisition
5/27/2024 13:25,1588,-48,0.27,Issue for Material Requisition
5/28/2024 9:48,1552,-36,0.26,Issue for Material Requisition
5/29/2024 11:10,4972,-72,0.83,Issue for Material Requisition
5/29/2024 13:31,4936,-8,0.83,Issue for Material Requisition
5/29/2024 13:31,4944,-28,0.83,Issue for Material Requisition
5/31/2024 15:47,8392,-48,1.41,Issue for Material Requisition
5/31/2024 15:52,8344,-48,1.4,Issue for Material Requisition
6/1/2024 12:34,8296,-48,1.39,Issue for Material Requisition
6/1/2024 14:48,8260,-36,1.39,Issue for Material Requisition
6/1/2024 14:57,8224,-36,1.38,Issue for Material Requisition
6/1/2024 15:05,8188,-36,1.37,Issue for Material Requisition
6/2/2024 8:50,8116,-72,1.36,Issue for Material Requisition
6/2/2024 9:25,8044,-72,1.35,Issue for Material Requisition
6/2/2024 17:20,7996,-48,1.34,Issue for Material Requisition
6/3/2024 10:22,7960,-36,1.33,Issue for Material Requisition
6/3/2024 15:12,7924,-36,1.33,Issue for Material Requisition
6/4/2024 12:42,7879,-45,1.32,Issue for Material Requisition
6/4/2024 15:25,7816,-63,1.31,Issue for Material Requisition
6/4/2024 15:25,7807,-9,1.31,Issue for Material Requisition
6/5/2024 8:17,7735,-72,1.3,Issue for Material Requisition
6/5/2024 9:18,7699,-36,1.29,Issue for Material Requisition
6/6/2024 9:24,7555,-144,1.27,Issue for Material Requisition
6/6/2024 14:13,7519,-36,1.26,Issue for Material Requisition
6/7/2024 8:48,7447,-72,1.25,Issue for Material Requisition
6/8/2024 8:50,7411,-36,1.24,Issue for Material Requisition
6/8/2024 8:57,7375,-36,1.24,Issue for Material Requisition
6/8/2024 11:28,7303,-72,1.22,Issue for Material Requisition
6/9/2024 9:28,7267,-36,1.22,Issue for Material Requisition
6/9/2024 12:26,7195,-72,1.21,Issue for Material Requisition
6/10/2024 14:46,7159,-36,1.2,Issue for Material Requisition
6/10/2024 15:10,7087,-72,1.19,Issue for Material Requisition
6/12/2024 9:00,7051,-36,1.18,Issue for Material Requisition
6/12/2024 9:02,6979,-72,1.17,Issue for Material Requisition
6/12/2024 9:11,6955,-24,1.17,Issue for Material Requisition
6/15/2024 8:22,6907,-48,1.16,Issue for Material Requisition
6/15/2024 8:25,6835,-72,1.15,Issue for Material Requisition
6/15/2024 8:27,6763,-72,1.13,Issue for Material Requisition
6/15/2024 12:09,6739,-24,1.13,Issue for Material Requisition
6/15/2024 12:16,6703,-36,1.12,Issue for Material Requisition
6/15/2024 14:53,6667,-36,1.12,Issue for Material Requisition
6/18/2024 8:16,6595,-72,1.11,Issue for Material Requisition
6/18/2024 9:06,6571,-24,1.1,Issue for Material Requisition
6/18/2024 14:31,6541,-30,1.1,Issue for Material Requisition
6/18/2024 14:43,6511,-30,1.09,Issue for Material Requisition
6/19/2024 9:37,6463,-48,1.08,Issue for Material Requisition
6/19/2024 15:50,6427,-36,1.08,Issue for Material Requisition
6/19/2024 16:00,6391,-36,1.07,Issue for Material Requisition
6/19/2024 17:30,6343,-48,1.06,Issue for Material Requisition
6/21/2024 9:43,6295,-48,1.06,Issue for Material Requisition
6/21/2024 10:45,6247,-48,1.05,Issue for Material Requisition
6/22/2024 9:47,6211,-36,1.04,Issue for Material Requisition
6/22/2024 9:50,6181,-30,1.04,Issue for Material Requisition
6/25/2024 14:01,6157,-24,1.03,Issue for Material Requisition
6/25/2024 14:05,6121,-36,1.03,Issue for Material Requisition
6/25/2024 14:14,6085,-36,1.02,Issue for Material Requisition
6/25/2024 17:03,6037,-48,1.01,Issue for Material Requisition
6/25/2024 17:11,5965,-72,1,Issue for Material Requisition
6/28/2024 12:04,5893,-72,0.99,Issue for Material Requisition
6/28/2024 13:48,5821,-72,0.98,Issue for Material Requisition
6/28/2024 15:50,5749,-72,0.96,Issue for Material Requisition
6/28/2024 16:15,5677,-72,0.95,Issue for Material Requisition
6/30/2024 12:00,5641,-36,0.95,Issue for Material Requisition
6/30/2024 12:14,5605,-36,0.94,Issue for Material Requisition
6/30/2024 15:18,5533,-72,0.93,Issue for Material Requisition
6/30/2024 15:34,5461,-72,0.92,Issue for Material Requisition
7/6/2024 14:53,5425,-2,0.91,Issue for Material Requisition
7/6/2024 14:53,5427,-34,0.91,Issue for Material Requisition
7/6/2024 14:55,5389,-36,0.9,Issue for Material Requisition
7/6/2024 15:01,5353,-36,0.9,Issue for Material Requisition
7/6/2024 15:07,5305,-48,0.89,Issue for Material Requisition
7/6/2024 15:23,5269,-36,0.88,Issue for Material Requisition
7/6/2024 15:26,5233,-36,0.88,Issue for Material Requisition
7/6/2024 15:37,5197,-36,0.87,Issue for Material Requisition
7/7/2024 15:36,5149,-48,0.86,Issue for Material Requisition
7/7/2024 15:40,5077,-72,0.85,Issue for Material Requisition
7/7/2024 15:42,5074,-3,0.85,Issue for Material Requisition
7/7/2024 15:44,5002,-72,0.84,Issue for Material Requisition
7/7/2024 15:47,4954,-48,0.83,Issue for Material Requisition
7/7/2024 15:52,4906,-48,0.82,Issue for Material Requisition
7/8/2024 11:54,4846,-60,0.81,Issue for Material Requisition
7/8/2024 15:13,4810,-36,0.81,Issue for Material Requisition
7/8/2024 15:19,4798,-12,0.8,Issue for Material Requisition
7/8/2024 15:21,4762,-36,0.8,Issue for Material Requisition
7/8/2024 15:28,4726,-36,0.79,Issue for Material Requisition
7/9/2024 14:24,4666,-60,0.78,Issue for Material Requisition
7/10/2024 14:46,4630,-36,0.78,Issue for Material Requisition
7/10/2024 15:02,4594,-36,0.77,Issue for Material Requisition
7/13/2024 8:49,4534,-60,0.76,Issue for Material Requisition
7/13/2024 13:13,4510,-24,0.76,Issue for Material Requisition
7/13/2024 17:08,4450,-60,0.75,Issue for Material Requisition
7/14/2024 15:39,4414,-36,0.74,Issue for Material Requisition
7/14/2024 15:41,4378,-36,0.73,Issue for Material Requisition
7/14/2024 15:44,4318,-60,0.72,Issue for Material Requisition
7/15/2024 16:58,4258,-60,0.71,Issue for Material Requisition
7/15/2024 17:23,4198,-60,0.7,Issue for Material Requisition
7/16/2024 16:10,4138,-60,0.69,Issue for Material Requisition
7/16/2024 17:26,4078,-60,0.68,Issue for Material Requisition
7/17/2024 8:41,4018,-60,0.67,Issue for Material Requisition
7/17/2024 11:13,3958,-60,0.66,Issue for Material Requisition
7/17/2024 13:05,3922,-36,0.66,Issue for Material Requisition
7/17/2024 13:18,3886,-36,0.65,Issue for Material Requisition
7/19/2024 11:19,3826,-60,0.64,Issue for Material Requisition
7/19/2024 13:27,3766,-60,0.63,Issue for Material Requisition
7/20/2024 9:29,3706,-60,0.62,Issue for Material Requisition
7/20/2024 10:42,3670,-36,0.62,Issue for Material Requisition
7/20/2024 11:08,3634,-36,0.61,Issue for Material Requisition
7/20/2024 11:18,3598,-36,0.6,Issue for Material Requisition
7/20/2024 11:47,3562,-36,0.6,Issue for Material Requisition
7/21/2024 11:29,3502,-60,0.59,Issue for Material Requisition
7/22/2024 13:55,3466,-36,0.58,Issue for Material Requisition
7/22/2024 14:03,3430,-36,0.58,Issue for Material Requisition
7/28/2024 11:22,3370,-60,0.57,Issue for Material Requisition
7/29/2024 7:48,3334,-36,0.56,Issue for Material Requisition
7/29/2024 7:53,3274,-60,0.55,Issue for Material Requisition
7/29/2024 7:57,3238,-36,0.54,Issue for Material Requisition
7/29/2024 8:03,3178,-60,0.53,Issue for Material Requisition
7/29/2024 8:08,3118,-60,0.52,Issue for Material Requisition
7/29/2024 8:21,3082,-36,0.52,Issue for Material Requisition
7/29/2024 8:28,3022,-60,0.51,Issue for Material Requisition
7/29/2024 8:36,2986,-36,0.5,Issue for Material Requisition
7/29/2024 8:37,2926,-60,0.49,Issue for Material Requisition
7/29/2024 8:42,2902,-24,0.49,Issue for Material Requisition
7/29/2024 8:50,2866,-36,0.48,Issue for Material Requisition
7/29/2024 8:53,2806,-60,0.47,Issue for Material Requisition
7/30/2024 9:23,2746,-60,0.46,Issue for Material Requisition
7/30/2024 9:29,2698,-48,0.45,Issue for Material Requisition
7/31/2024 13:38,2662,-36,0.45,Issue for Material Requisition
7/31/2024 13:43,2626,-36,0.44,Issue for Material Requisition
7/31/2024 14:00,2590,-36,0.43,Issue for Material Requisition
7/31/2024 14:15,2554,-36,0.43,Issue for Material Requisition
8/2/2024 8:14,2494,-60,0.42,Issue for Material Requisition
8/2/2024 9:54,2434,-60,0.41,Issue for Material Requisition
8/2/2024 10:05,2374,-48,0.4,Issue for Material Requisition
8/2/2024 10:05,2422,-12,0.41,Issue for Material Requisition
8/2/2024 10:10,2314,-60,0.39,Issue for Material Requisition
8/3/2024 9:29,2266,-48,0.38,Issue for Material Requisition
8/3/2024 9:34,2230,-36,0.37,Issue for Material Requisition
8/3/2024 12:14,2170,-60,0.36,Issue for Material Requisition
8/4/2024 7:46,2134,-36,0.36,Issue for Material Requisition
8/5/2024 9:09,2074,-60,0.35,Issue for Material Requisition
8/5/2024 9:23,2050,-24,0.34,Issue for Material Requisition
8/6/2024 9:37,2014,-36,0.34,Issue for Material Requisition
8/6/2024 9:42,1978,-36,0.33,Issue for Material Requisition
8/7/2024 10:25,1906,-72,0.32,Issue for Material Requisition
8/7/2024 16:34,1834,-72,0.31,Issue for Material Requisition
8/7/2024 16:40,1762,-72,0.3,Issue for Material Requisition
8/9/2024 12:46,1702,-60,0.29,Issue for Material Requisition
8/10/2024 9:51,1630,-72,0.27,Issue for Material Requisition
8/10/2024 14:50,1594,-36,0.27,Issue for Material Requisition
8/10/2024 14:55,1558,-36,0.26,Issue for Material Requisition
8/10/2024 15:02,1510,-48,0.25,Issue for Material Requisition
8/10/2024 15:06,1474,-36,0.25,Issue for Material Requisition
8/11/2024 8:39,1414,-60,0.24,Issue for Material Requisition
8/12/2024 8:17,1378,-36,0.23,Issue for Material Requisition
8/12/2024 8:28,1330,-48,0.22,Issue for Material Requisition
8/17/2024 8:20,1294,-36,0.22,Issue for Material Requisition
8/17/2024 8:38,1258,-36,0.21,Issue for Material Requisition
8/17/2024 8:41,1198,-60,0.2,Issue for Material Requisition
8/17/2024 8:46,1138,-60,0.19,Issue for Material Requisition
8/17/2024 8:48,1102,-36,0.18,Issue for Material Requisition
8/17/2024 9:04,1066,-36,0.18,Issue for Material Requisition
8/17/2024 9:55,1030,-36,0.17,Issue for Material Requisition
8/17/2024 11:37,1022,-8,0.17,Issue for Material Requisition
8/18/2024 8:47,986,-36,0.17,Issue for Material Requisition
8/18/2024 13:31,950,-36,0.16,Issue for Material Requisition
8/18/2024 14:23,926,-24,0.16,Issue for Material Requisition
8/19/2024 14:27,899,-27,0.15,Issue for Material Requisition
8/19/2024 14:30,839,-60,0.14,Issue for Material Requisition
8/20/2024 7:40,809,-30,0.14,Issue for Material Requisition
8/20/2024 12:40,749,-60,0.13,Issue for Material Requisition
8/21/2024 10:44,713,-36,0.12,Issue for Material Requisition
8/23/2024 11:19,5189,-24,0.87,Issue for Material Requisition
8/23/2024 11:20,5153,-36,0.86,Issue for Material Requisition
8/23/2024 12:06,5093,-60,0.85,Issue for Material Requisition
8/23/2024 12:19,5033,-60,0.84,Issue for Material Requisition
8/23/2024 14:03,4973,-60,0.83,Issue for Material Requisition
8/24/2024 10:26,4949,-24,0.83,Issue for Material Requisition
8/25/2024 10:34,4895,-54,0.82,Issue for Material Requisition
8/25/2024 10:37,4889,-6,0.82,Issue for Material Requisition
8/25/2024 10:38,4829,-60,0.81,Issue for Material Requisition
8/25/2024 10:39,4769,-60,0.8,Issue for Material Requisition
8/25/2024 10:41,4709,-60,0.79,Issue for Material Requisition
8/25/2024 10:41,4637,-72,0.78,Issue for Material Requisition
8/25/2024 10:42,4621,-16,0.77,Issue for Material Requisition
8/25/2024 10:42,4591,-30,0.77,Issue for Material Requisition
8/25/2024 17:09,4555,-36,0.76,Issue for Material Requisition
8/26/2024 8:03,4495,-60,0.75,Issue for Material Requisition
8/26/2024 10:28,4459,-36,0.75,Issue for Material Requisition
8/27/2024 12:43,4423,-36,0.74,Issue for Material Requisition
8/29/2024 8:15,4363,-60,0.73,Issue for Material Requisition
8/30/2024 7:50,4303,-60,0.72,Issue for Material Requisition
8/30/2024 9:50,4243,-60,0.71,Issue for Material Requisition
8/30/2024 10:17,4183,-60,0.7,Issue for Material Requisition
8/30/2024 16:19,4147,-36,0.7,Issue for Material Requisition
8/30/2024 16:21,4111,-36,0.69,Issue for Material Requisition
8/31/2024 8:03,4075,-36,0.68,Issue for Material Requisition
8/31/2024 8:17,4039,-36,0.68,Issue for Material Requisition
9/1/2024 9:03,6491,-38,1.09,Issue for Material Requisition
9/1/2024 9:13,6431,-60,1.08,Issue for Material Requisition
9/3/2024 13:13,6386,-34,1.07,Issue for Material Requisition
9/3/2024 13:13,6420,-11,1.08,Issue for Material Requisition
9/3/2024 13:16,6326,-60,1.06,Issue for Material Requisition
9/7/2024 7:54,6266,-60,1.05,Issue for Material Requisition
9/7/2024 8:07,6230,-36,1.04,Issue for Material Requisition
9/7/2024 8:11,6158,-72,1.03,Issue for Material Requisition
9/7/2024 8:16,6128,-30,1.03,Issue for Material Requisition
9/7/2024 8:24,6068,-60,1.02,Issue for Material Requisition
9/7/2024 8:51,6038,-30,1.01,Issue for Material Requisition
9/7/2024 8:58,6002,-36,1.01,Issue for Material Requisition
9/7/2024 9:08,5972,-30,1,Issue for Material Requisition
9/8/2024 9:35,5942,-30,1,Issue for Material Requisition
9/9/2024 7:55,5912,-30,0.99,Issue for Material Requisition
9/9/2024 7:55,5908,-4,0.99,Issue for Material Requisition
9/11/2024 7:54,5848,-60,0.98,Issue for Material Requisition
9/11/2024 8:00,5818,-30,0.98,Issue for Material Requisition
9/11/2024 8:03,5788,-30,0.97,Issue for Material Requisition
9/11/2024 8:07,5776,-12,0.97,Issue for Material Requisition
9/11/2024 8:08,5716,-60,0.96,Issue for Material Requisition
9/11/2024 8:11,5656,-60,0.95,Issue for Material Requisition
9/11/2024 8:17,5596,-60,0.94,Issue for Material Requisition
9/11/2024 8:28,5566,-30,0.93,Issue for Material Requisition
9/11/2024 8:49,5530,-36,0.93,Issue for Material Requisition
9/12/2024 11:51,5470,-60,0.92,Issue for Material Requisition
9/12/2024 14:14,5410,-60,0.91,Issue for Material Requisition
9/13/2024 14:04,5380,-30,0.9,Issue for Material Requisition
9/13/2024 14:08,5350,-30,0.9,Issue for Material Requisition
9/13/2024 16:16,5290,-60,0.89,Issue for Material Requisition
9/17/2024 11:12,5230,-60,0.88,Issue for Material Requisition
9/17/2024 15:45,5170,-60,0.87,Issue for Material Requisition
9/17/2024 16:05,5110,-60,0.86,Issue for Material Requisition
9/17/2024 16:12,5050,-60,0.85,Issue for Material Requisition
9/18/2024 12:17,4990,-60,0.84,Issue for Material Requisition
9/18/2024 12:56,4930,-60,0.83,Issue for Material Requisition
9/18/2024 16:18,4900,-30,0.82,Issue for Material Requisition
9/18/2024 16:20,4870,-30,0.82,Issue for Material Requisition
9/19/2024 15:32,4840,-30,0.81,Issue for Material Requisition
9/19/2024 15:35,4810,-30,0.81,Issue for Material Requisition
9/19/2024 15:45,4780,-30,0.8,Issue for Material Requisition
9/19/2024 16:05,4744,-36,0.8,Issue for Material Requisition
9/19/2024 16:42,4684,-60,0.79,Issue for Material Requisition
9/20/2024 13:12,4624,-60,0.78,Issue for Material Requisition
9/21/2024 8:36,4588,-36,0.77,Issue for Material Requisition
9/21/2024 10:11,4552,-36,0.76,Issue for Material Requisition
9/21/2024 12:10,4492,-60,0.75,Issue for Material Requisition
9/21/2024 16:48,4456,-36,0.75,Issue for Material Requisition
9/22/2024 13:23,4396,-60,0.74,Issue for Material Requisition
9/22/2024 15:35,4366,-30,0.73,Issue for Material Requisition
9/23/2024 10:26,4330,-36,0.73,Issue for Material Requisition
9/25/2024 10:05,4270,-60,0.72,Issue for Material Requisition
9/25/2024 10:08,4234,-36,0.71,Issue for Material Requisition
9/25/2024 10:13,4174,-60,0.7,Issue for Material Requisition
9/25/2024 10:25,4138,-36,0.69,Issue for Material Requisition
9/28/2024 8:52,4078,-60,0.68,Issue for Material Requisition
9/28/2024 11:31,4048,-30,0.68,Issue for Material Requisition
9/28/2024 11:33,3988,-60,0.67,Issue for Material Requisition
9/28/2024 11:46,3952,-36,0.66,Issue for Material Requisition
9/28/2024 11:50,3892,-60,0.65,Issue for Material Requisition
9/28/2024 11:53,3856,-36,0.65,Issue for Material Requisition
9/30/2024 9:33,3826,-30,0.64,Issue for Material Requisition
9/30/2024 12:10,3796,-30,0.64,Issue for Material Requisition
9/30/2024 14:20,3736,-60,0.63,Issue for Material Requisition
9/30/2024 14:22,3676,-60,0.62,Issue for Material Requisition
9/30/2024 14:25,3652,-24,0.61,Issue for Material Requisition
10/2/2024 9:24,3592,-60,0.6,Issue for Material Requisition
10/2/2024 13:05,3532,-60,0.59,Issue for Material Requisition
10/2/2024 13:48,3505,-27,0.59,Issue for Material Requisition
10/2/2024 13:57,3475,-30,0.58,Issue for Material Requisition
10/4/2024 8:54,3415,-60,0.57,Issue for Material Requisition
10/4/2024 9:46,3355,-60,0.56,Issue for Material Requisition
10/4/2024 9:57,3295,-60,0.55,Issue for Material Requisition
10/5/2024 17:24,3235,-60,0.54,Issue for Material Requisition
10/6/2024 9:00,3205,-30,0.54,Issue for Material Requisition
10/6/2024 9:20,3175,-30,0.53,Issue for Material Requisition
10/6/2024 9:25,3145,-30,0.53,Issue for Material Requisition
10/6/2024 9:34,3115,-30,0.52,Issue for Material Requisition
10/7/2024 8:03,3055,-60,0.51,Issue for Material Requisition
10/7/2024 11:27,2995,-60,0.5,Issue for Material Requisition
10/8/2024 7:55,2965,-30,0.5,Issue for Material Requisition
10/8/2024 17:01,2895,-70,0.49,Issue for Material Requisition
10/9/2024 8:06,2859,-36,0.48,Issue for Material Requisition
10/9/2024 13:25,2841.5,-17.5,0.48,Issue for Material Requisition
10/9/2024 13:39,2781.5,-60,0.47,Issue for Material Requisition
10/11/2024 7:58,2721.5,-60,0.46,Issue for Material Requisition
10/11/2024 7:58,2661.5,-60,0.45,Issue for Material Requisition
10/11/2024 9:44,2625.5,-36,0.44,Issue for Material Requisition
10/11/2024 12:58,2573.5,-52,0.43,Issue for Material Requisition
10/11/2024 16:21,2537.5,-36,0.43,Issue for Material Requisition
10/12/2024 14:19,2501.5,-36,0.42,Issue for Material Requisition
10/13/2024 9:39,2441.5,-60,0.41,Issue for Material Requisition
10/13/2024 9:50,2381.5,-60,0.4,Issue for Material Requisition
10/13/2024 11:12,2345.5,-36,0.39,Issue for Material Requisition
10/13/2024 11:15,2309.5,-36,0.39,Issue for Material Requisition
10/14/2024 8:25,2273.5,-36,0.38,Issue for Material Requisition
10/15/2024 9:57,2237.5,-36,0.38,Issue for Material Requisition
10/16/2024 13:46,2222.5,-15,0.37,Issue for Material Requisition
10/16/2024 13:48,2162.5,-60,0.36,Issue for Material Requisition
10/16/2024 13:52,2102.5,-60,0.35,Issue for Material Requisition
10/16/2024 13:57,2066.5,-36,0.35,Issue for Material Requisition
10/16/2024 13:57,2062.5,-4,0.35,Issue for Material Requisition
10/19/2024 8:09,2026.5,-36,0.34,Issue for Material Requisition
10/19/2024 8:16,1966.5,-60,0.33,Issue for Material Requisition
10/19/2024 8:43,1930.5,-36,0.32,Issue for Material Requisition
10/20/2024 8:42,1900.5,-30,0.32,Issue for Material Requisition
10/20/2024 8:49,1840.5,-60,0.31,Issue for Material Requisition
10/20/2024 8:56,1780.5,-60,0.3,Issue for Material Requisition
10/20/2024 10:52,1720.5,-60,0.29,Issue for Material Requisition
10/20/2024 10:54,1645.5,-75,0.28,Issue for Material Requisition
10/21/2024 10:07,1615.5,-30,0.27,Issue for Material Requisition
10/21/2024 10:13,1555.5,-60,0.26,Issue for Material Requisition
10/21/2024 12:05,1527.5,-28,0.26,Issue for Material Requisition
10/21/2024 12:06,1503.5,-24,0.25,Issue for Material Requisition
10/22/2024 13:57,1473.5,-30,0.25,Issue for Material Requisition
10/22/2024 15:42,1411,-62.5,0.24,Issue for Material Requisition
10/22/2024 15:46,1341,-70,0.22,Issue for Material Requisition
10/23/2024 16:11,1281,-60,0.21,Issue for Material Requisition
10/24/2024 13:05,1251,-30,0.21,Issue for Material Requisition
10/24/2024 17:20,1116,-135,0.19,Issue for Material Requisition
10/25/2024 12:32,1051,-65,0.18,Issue for Material Requisition
10/26/2024 9:01,1005,-46,0.17,Issue for Material Requisition
10/27/2024 15:37,975,-30,0.16,Issue for Material Requisition
10/27/2024 15:46,945,-30,0.16,Issue for Material Requisition
10/28/2024 10:55,909,-36,0.15,Issue for Material Requisition
10/28/2024 11:02,889,-20,0.15,Issue for Material Requisition
10/29/2024 8:34,819,-70,0.14,Issue for Material Requisition
10/29/2024 9:06,744,-75,0.12,Issue for Material Requisition
10/29/2024 9:57,669,-75,0.11,Issue for Material Requisition
10/29/2024 10:02,609,-20,0.1,Issue for Material Requisition
10/29/2024 10:02,629,-40,0.11,Issue for Material Requisition
10/29/2024 14:37,573,-36,0.1,Issue for Material Requisition
10/29/2024 14:48,537,-36,0.09,Issue for Material Requisition
10/31/2024 17:04,462,-75,0.08,Issue for Material Requisition
10/31/2024 17:13,407,-55,0.07,Issue for Material Requisition
11/1/2024 11:25,344.5,-62.5,0.06,Issue for Material Requisition
11/1/2024 14:27,308.5,-36,0.05,Issue for Material Requisition
11/1/2024 14:31,268.5,-40,0.05,Issue for Material Requisition
11/2/2024 13:31,228.5,-40,0.04,Issue for Material Requisition
11/2/2024 15:59,7158.5,-72,1.2,Issue for Material Requisition
11/2/2024 16:56,7086.5,-72,1.19,Issue for Material Requisition
11/3/2024 14:06,7050.5,-36,1.18,Issue for Material Requisition
11/3/2024 16:30,6978.5,-72,1.17,Issue for Material Requisition
11/4/2024 11:25,6942.5,-36,1.16,Issue for Material Requisition
11/4/2024 16:55,6906.5,-36,1.16,Issue for Material Requisition
11/6/2024 7:49,6870.5,-36,1.15,Issue for Material Requisition
11/6/2024 15:44,6798.5,-72,1.14,Issue for Material Requisition
11/6/2024 15:48,6726.5,-72,1.13,Issue for Material Requisition
11/9/2024 11:46,6690.5,-36,1.12,Issue for Material Requisition
11/9/2024 11:53,6618.5,-72,1.11,Issue for Material Requisition
11/9/2024 11:56,6546.5,-72,1.1,Issue for Material Requisition
11/9/2024 12:10,6510.5,-36,1.09,Issue for Material Requisition
11/9/2024 15:38,6480.5,-17.5,1.09,Issue for Material Requisition
11/9/2024 15:38,6498,-12.5,1.09,Issue for Material Requisition
11/10/2024 8:11,6408.5,-72,1.07,Issue for Material Requisition
11/10/2024 8:16,6384.5,-24,1.07,Issue for Material Requisition
11/10/2024 8:22,6354.5,-30,1.07,Issue for Material Requisition
11/11/2024 12:02,6324.5,-30,1.06,Issue for Material Requisition
11/12/2024 8:04,6252.5,-72,1.05,Issue for Material Requisition
11/12/2024 8:19,6180.5,-72,1.04,Issue for Material Requisition
11/12/2024 8:33,6150.5,-30,1.03,Issue for Material Requisition
11/12/2024 15:49,6078.5,-72,1.02,Issue for Material Requisition
11/13/2024 14:39,6048.5,-30,1.01,Issue for Material Requisition
11/14/2024 18:31,5976.5,-72,1,Issue for Material Requisition
11/14/2024 18:39,5904.5,-72,0.99,Issue for Material Requisition
11/15/2024 15:45,5832.5,-72,0.98,Issue for Material Requisition
11/16/2024 10:12,5802.5,-30,0.97,Issue for Material Requisition
11/16/2024 10:34,5772.5,-30,0.97,Issue for Material Requisition
11/16/2024 11:15,5700.5,-72,0.96,Issue for Material Requisition
11/16/2024 13:09,5670.5,-30,0.95,Issue for Material Requisition
11/16/2024 16:20,5640.5,-30,0.95,Issue for Material Requisition
11/18/2024 14:45,5610.5,-30,0.94,Issue for Material Requisition
11/18/2024 16:59,5538.5,-72,0.93,Issue for Material Requisition
11/18/2024 17:21,5468.5,-70,0.92,Issue for Material Requisition
11/19/2024 11:56,5432.5,-36,0.91,Issue for Material Requisition
11/20/2024 11:23,5396.5,-36,0.9,Issue for Material Requisition
11/22/2024 13:18,5324.5,-72,0.89,Issue for Material Requisition
11/22/2024 15:44,5252.5,-72,0.88,Issue for Material Requisition
11/22/2024 15:53,5180.5,-72,0.87,Issue for Material Requisition
11/22/2024 16:07,5108.5,-72,0.86,Issue for Material Requisition
11/22/2024 16:15,5072.5,-36,0.85,Issue for Material Requisition
11/22/2024 16:19,5024.5,-48,0.84,Issue for Material Requisition
11/23/2024 8:05,4976.5,-48,0.83,Issue for Material Requisition
11/23/2024 9:31,4904.5,-72,0.82,Issue for Material Requisition
11/24/2024 13:48,4868.5,-36,0.82,Issue for Material Requisition
11/25/2024 8:02,4796.5,-72,0.8,Issue for Material Requisition
11/26/2024 7:43,4724.5,-72,0.79,Issue for Material Requisition
11/26/2024 7:54,4676.5,-48,0.78,Issue for Material Requisition
11/26/2024 8:04,4628.5,-48,0.78,Issue for Material Requisition
11/27/2024 14:49,4580.5,-48,0.77,Issue for Material Requisition
11/28/2024 14:03,4508.5,-72,0.76,Issue for Material Requisition
11/29/2024 10:38,4488.5,-20,0.75,Issue for Material Requisition
11/29/2024 10:38,4436.5,-52,0.74,Issue for Material Requisition
11/30/2024 13:27,4388.5,-48,0.74,Issue for Material Requisition
11/30/2024 13:32,4352.5,-36,0.73,Issue for Material Requisition
12/1/2024 13:45,4280.5,-72,0.72,Issue for Material Requisition
12/1/2024 13:48,4256.5,-24,0.71,Issue for Material Requisition
12/2/2024 8:05,4184.5,-72,0.7,Issue for Material Requisition
12/2/2024 8:09,4112.5,-72,0.69,Issue for Material Requisition
12/2/2024 11:37,4076.5,-36,0.68,Issue for Material Requisition
12/2/2024 11:39,4040.5,-36,0.68,Issue for Material Requisition
12/3/2024 16:12,4010.5,-30,0.67,Issue for Material Requisition
12/3/2024 16:25,3980.5,-30,0.67,Issue for Material Requisition
12/4/2024 8:54,3908.5,-72,0.66,Issue for Material Requisition
12/4/2024 9:09,3836.5,-72,0.64,Issue for Material Requisition
12/5/2024 16:04,3764.5,-72,0.63,Issue for Material Requisition
12/5/2024 17:13,3692.5,-72,0.62,Issue for Material Requisition
12/6/2024 8:10,3656.5,-36,0.61,Issue for Material Requisition
12/6/2024 8:14,3626.5,-30,0.61,Issue for Material Requisition
12/6/2024 11:38,3554.5,-72,0.6,Issue for Material Requisition
12/7/2024 9:06,3518.5,-36,0.59,Issue for Material Requisition
12/8/2024 16:33,3446.5,-72,0.58,Issue for Material Requisition
12/8/2024 16:55,3374.5,-72,0.57,Issue for Material Requisition
12/9/2024 14:34,3344.5,-30,0.56,Issue for Material Requisition
12/9/2024 14:59,3299.5,-45,0.55,Issue for Material Requisition
12/10/2024 15:49,3269.5,-30,0.55,Issue for Material Requisition
12/11/2024 15:23,6797.5,-72,1.14,Issue for Material Requisition
12/11/2024 15:54,6701.5,-96,1.12,Issue for Material Requisition
12/12/2024 16:42,6665.5,-36,1.12,Issue for Material Requisition
12/12/2024 16:57,6569.5,-96,1.1,Issue for Material Requisition
12/12/2024 17:00,6473.5,-96,1.09,Issue for Material Requisition
12/13/2024 9:38,6401.5,-72,1.07,Issue for Material Requisition
12/14/2024 15:40,6365.5,-36,1.07,Issue for Material Requisition
12/14/2024 15:43,6293.5,-72,1.06,Issue for Material Requisition
12/14/2024 15:46,6257.5,-36,1.05,Issue for Material Requisition
12/14/2024 15:52,6221.5,-36,1.04,Issue for Material Requisition
12/15/2024 8:07,6185.5,-36,1.04,Issue for Material Requisition
12/16/2024 14:26,8513.5,-72,1.43,Issue for Material Requisition
12/16/2024 14:32,8477.5,-36,1.42,Issue for Material Requisition
12/17/2024 16:02,8405.5,-72,1.41,Issue for Material Requisition
12/17/2024 16:11,8369.5,-36,1.4,Issue for Material Requisition
12/19/2024 8:46,8333.5,-36,1.4,Issue for Material Requisition
12/19/2024 11:21,8261.5,-72,1.39,Issue for Material Requisition
12/19/2024 11:24,8189.5,-72,1.37,Issue for Material Requisition
12/19/2024 11:32,8153.5,-36,1.37,Issue for Material Requisition
12/21/2024 8:28,8117.5,-36,1.36,Issue for Material Requisition
12/21/2024 16:56,8081.5,-36,1.36,Issue for Material Requisition
12/22/2024 9:13,8009.5,-72,1.34,Issue for Material Requisition
12/22/2024 9:17,7937.5,-72,1.33,Issue for Material Requisition
12/22/2024 9:19,7913.5,-24,1.33,Issue for Material Requisition
12/22/2024 16:58,7877.5,-36,1.32,Issue for Material Requisition
12/23/2024 9:20,7841.5,-36,1.31,Issue for Material Requisition
12/23/2024 16:26,7805.5,-36,1.31,Issue for Material Requisition
12/25/2024 12:27,7733.5,-72,1.3,Issue for Material Requisition
12/25/2024 13:42,7697.5,-36,1.29,Issue for Material Requisition
12/26/2024 9:59,7661.5,-36,1.28,Issue for Material Requisition
12/26/2024 17:09,7625.5,-36,1.28,Issue for Material Requisition
12/27/2024 8:58,7553.5,-72,1.27,Issue for Material Requisition
12/29/2024 11:44,7517.5,-36,1.26,Issue for Material Requisition
12/30/2024 8:52,7481.5,-36,1.25,Issue for Material Requisition
12/30/2024 9:01,7445.5,-36,1.25,Issue for Material Requisition
12/30/2024 9:40,7433.5,-12,1.25,Issue for Material Requisition
12/30/2024 9:53,7361.5,-72,1.23,Issue for Material Requisition
12/30/2024 12:00,7289.5,-72,1.22,Issue for Material Requisition
12/30/2024 12:31,7217.5,-72,1.21,Issue for Material Requisition
12/30/2024 12:48,7145.5,-72,1.2,Issue for Material Requisition
12/30/2024 13:53,7073.5,-72,1.19,Issue for Material Requisition
12/30/2024 15:52,7001.5,-72,1.17,Issue for Material Requisition
12/31/2024 13:18,6893.5,-108,1.16,Issue for Material Requisition
1/1/2025 16:39,6821.5,-72,1.14,Issue for Material Requisition
1/2/2025 11:50,6761.5,-60,1.13,Issue for Material Requisition
1/2/2025 15:14,6725.5,-36,1.13,Issue for Material Requisition
1/4/2025 10:19,6653.5,-72,1.12,Issue for Material Requisition
1/4/2025 11:33,6581.5,-72,1.1,Issue for Material Requisition
1/4/2025 11:55,6509.5,-72,1.09,Issue for Material Requisition
1/4/2025 13:45,6473.5,-36,1.09,Issue for Material Requisition
1/4/2025 13:48,6437.5,-36,1.08,Issue for Material Requisition
1/5/2025 11:09,6365.5,-72,1.07,Issue for Material Requisition
1/6/2025 7:53,6329.5,-36,1.06,Issue for Material Requisition
1/6/2025 17:05,6293.5,-36,1.06,Issue for Material Requisition
1/7/2025 9:41,6257.5,-36,1.05,Issue for Material Requisition
1/7/2025 10:15,6185.5,-72,1.04,Issue for Material Requisition
1/9/2025 13:49,6113.5,-72,1.03,Issue for Material Requisition
1/9/2025 13:53,6065.5,-48,1.02,Issue for Material Requisition
1/9/2025 14:01,5993.5,-72,1.01,Issue for Material Requisition
1/9/2025 14:37,5945.5,-48,1,Issue for Material Requisition
1/11/2025 9:47,5873.5,-72,0.98,Issue for Material Requisition
1/11/2025 9:53,5801.5,-72,0.97,Issue for Material Requisition
1/11/2025 14:49,5765.5,-36,0.97,Issue for Material Requisition
1/11/2025 15:27,5717.5,-48,0.96,Issue for Material Requisition
1/12/2025 9:19,5657.5,-60,0.95,Issue for Material Requisition
1/12/2025 9:26,5609.5,-48,0.94,Issue for Material Requisition
1/12/2025 9:32,5585.5,-24,0.94,Issue for Material Requisition
1/13/2025 14:01,5543.5,-42,0.93,Issue for Material Requisition
1/14/2025 9:02,5510,-33.5,0.92,Issue for Material Requisition
1/14/2025 11:13,5438,-72,0.91,Issue for Material Requisition
1/14/2025 11:31,5366,-72,0.9,Issue for Material Requisition
1/15/2025 12:40,5330,-36,0.89,Issue for Material Requisition
1/15/2025 16:39,5258,-72,0.88,Issue for Material Requisition
1/16/2025 8:08,5222,-36,0.88,Issue for Material Requisition
1/17/2025 10:20,5186,-36,0.87,Issue for Material Requisition
1/18/2025 10:06,5114,-72,0.86,Issue for Material Requisition
1/19/2025 11:35,5078,-36,0.85,Issue for Material Requisition
1/19/2025 13:50,5066,-12,0.85,Issue for Material Requisition
1/19/2025 15:12,4994,-72,0.84,Issue for Material Requisition
1/20/2025 15:12,4958,-36,0.83,Issue for Material Requisition
1/21/2025 10:38,4886,-72,0.82,Issue for Material Requisition
1/21/2025 10:38,4850,-36,0.81,Issue for Material Requisition
1/21/2025 12:12,4754,-96,0.8,Issue for Material Requisition
1/22/2025 15:19,4718,-36,0.79,Issue for Material Requisition
1/23/2025 10:12,4646,-72,0.78,Issue for Material Requisition
1/24/2025 11:39,4574,-72,0.77,Issue for Material Requisition
1/24/2025 11:44,4526,-48,0.76,Issue for Material Requisition
1/25/2025 7:47,4430,-96,0.74,Issue for Material Requisition
1/25/2025 7:55,4334,-96,0.73,Issue for Material Requisition
1/25/2025 11:30,4298,-36,0.72,Issue for Material Requisition
1/25/2025 11:38,4178,-120,0.7,Issue for Material Requisition
1/25/2025 11:54,4142,-36,0.69,Issue for Material Requisition
1/25/2025 12:19,4106,-36,0.69,Issue for Material Requisition
1/26/2025 14:20,4070,-36,0.68,Issue for Material Requisition
1/26/2025 14:22,3950,-120,0.66,Issue for Material Requisition
1/28/2025 8:56,3908,-42,0.66,Issue for Material Requisition
1/28/2025 11:53,3812,-96,0.64,Issue for Material Requisition
1/29/2025 16:29,3770,-42,0.63,Issue for Material Requisition
1/29/2025 16:34,3698,-72,0.62,Issue for Material Requisition
1/29/2025 16:40,3602,-96,0.6,Issue for Material Requisition
1/30/2025 14:33,3560,-42,0.6,Issue for Material Requisition
1/31/2025 9:49,3524,-36,0.59,Issue for Material Requisition
1/31/2025 11:51,3452,-72,0.58,Issue for Material Requisition
2/1/2025 9:48,3380,-10,0.57,Issue for Material Requisition
2/1/2025 9:48,3390,-62,0.57,Issue for Material Requisition
2/2/2025 11:23,3344,-36,0.56,Issue for Material Requisition
2/2/2025 11:34,3308,-36,0.55,Issue for Material Requisition
2/2/2025 11:40,3236,-72,0.54,Issue for Material Requisition
2/2/2025 14:00,3164,-72,0.53,Issue for Material Requisition
2/3/2025 9:26,3128,-36,0.52,Issue for Material Requisition
2/3/2025 11:52,3056,-72,0.51,Issue for Material Requisition
2/4/2025 9:59,2984,-72,0.5,Issue for Material Requisition
2/4/2025 11:13,2972,-12,0.5,Issue for Material Requisition
2/5/2025 15:39,2936,-36,0.49,Issue for Material Requisition
2/6/2025 13:53,2864,-72,0.48,Issue for Material Requisition
2/6/2025 13:56,2792,-72,0.47,Issue for Material Requisition
2/6/2025 17:06,2756,-36,0.46,Issue for Material Requisition
2/7/2025 8:07,2732,-24,0.46,Issue for Material Requisition
2/7/2025 11:17,2660,-72,0.45,Issue for Material Requisition
2/8/2025 9:24,2588,-72,0.43,Issue for Material Requisition
2/8/2025 11:36,2552,-36,0.43,Issue for Material Requisition
2/8/2025 11:39,2540,-12,0.43,Issue for Material Requisition
2/8/2025 11:40,2504,-36,0.42,Issue for Material Requisition
2/9/2025 15:43,2468,-36,0.41,Issue for Material Requisition
2/10/2025 9:56,2396,-72,0.4,Issue for Material Requisition
2/10/2025 16:55,2324,-72,0.39,Issue for Material Requisition
2/11/2025 12:56,2312,-12,0.39,Issue for Material Requisition
2/11/2025 12:56,2276,-36,0.38,Issue for Material Requisition
2/11/2025 13:01,2240,-36,0.38,Issue for Material Requisition
2/12/2025 9:14,2168,-72,0.36,Issue for Material Requisition
2/12/2025 13:35,2120,-48,0.36,Issue for Material Requisition
2/14/2025 9:35,2048,-72,0.34,Issue for Material Requisition
2/14/2025 9:48,1976,-72,0.33,Issue for Material Requisition
2/14/2025 9:58,1940,-36,0.33,Issue for Material Requisition
2/14/2025 10:01,1904,-36,0.32,Issue for Material Requisition
2/15/2025 11:54,1808,-96,0.3,Issue for Material Requisition
2/15/2025 11:55,1722,-86,0.29,Issue for Material Requisition
2/15/2025 13:46,1686,-36,0.28,Issue for Material Requisition
2/16/2025 9:29,1644,-42,0.28,Issue for Material Requisition
2/17/2025 8:07,1572,-72,0.26,Issue for Material Requisition
2/17/2025 12:29,1500,-72,0.25,Issue for Material Requisition
2/17/2025 12:36,1458,-42,0.24,Issue for Material Requisition
2/18/2025 7:48,1416,-42,0.24,Issue for Material Requisition
2/18/2025 15:12,1344,-72,0.23,Issue for Material Requisition
2/19/2025 7:57,1296,-48,0.22,Issue for Material Requisition
2/19/2025 14:11,1224,-72,0.21,Issue for Material Requisition
2/22/2025 8:14,1152,-72,0.19,Issue for Material Requisition
2/22/2025 8:55,1104,-48,0.19,Issue for Material Requisition
2/22/2025 9:05,1056,-48,0.18,Issue for Material Requisition
2/22/2025 9:25,1020,-36,0.17,Issue for Material Requisition
2/22/2025 9:31,984,-36,0.16,Issue for Material Requisition
2/23/2025 14:30,3348,-36,0.56,Issue for Material Requisition
2/24/2025 9:49,3276,-72,0.55,Issue for Material Requisition
2/24/2025 10:02,3204,-72,0.54,Issue for Material Requisition
2/24/2025 10:11,3132,-72,0.53,Issue for Material Requisition
2/24/2025 10:12,3108,-24,0.52,Issue for Material Requisition
2/24/2025 10:13,3098,-10,0.52,Issue for Material Requisition
2/25/2025 8:28,6662,-36,1.12,Issue for Material Requisition
2/25/2025 8:30,6626,-36,1.11,Issue for Material Requisition
2/26/2025 10:35,6590,-36,1.11,Issue for Material Requisition
2/26/2025 14:01,6518,-72,1.09,Issue for Material Requisition
2/26/2025 16:22,6446,-72,1.08,Issue for Material Requisition
2/27/2025 15:12,6374,-72,1.07,Issue for Material Requisition
3/1/2025 9:05,6338,-36,1.06,Issue for Material Requisition
3/1/2025 10:29,6302,-36,1.06,Issue for Material Requisition
3/1/2025 11:14,6230,-72,1.04,Issue for Material Requisition
3/1/2025 13:01,6194,-36,1.04,Issue for Material Requisition
3/2/2025 7:23,6146,-48,1.03,Issue for Material Requisition
3/2/2025 15:08,6074,-72,1.02,Issue for Material Requisition
3/2/2025 15:11,6072,-2,1.02,Issue for Material Requisition
3/3/2025 7:54,6036,-36,1.01,Issue for Material Requisition
3/4/2025 9:23,5964,-72,1,Issue for Material Requisition
3/4/2025 10:00,5928,-36,0.99,Issue for Material Requisition
3/5/2025 9:41,5856,-72,0.98,Issue for Material Requisition
3/6/2025 15:37,5784,-72,0.97,Issue for Material Requisition
3/7/2025 11:46,5712,-72,0.96,Issue for Material Requisition
3/8/2025 8:52,5640,-72,0.95,Issue for Material Requisition
3/8/2025 15:38,5568,-72,0.93,Issue for Material Requisition
3/9/2025 12:30,5532,-36,0.93,Issue for Material Requisition
3/9/2025 12:38,5484,-48,0.92,Issue for Material Requisition
3/9/2025 12:47,5436,-48,0.91,Issue for Material Requisition
3/10/2025 10:27,5388,-48,0.9,Issue for Material Requisition
3/10/2025 10:29,5340,-48,0.9,Issue for Material Requisition
3/10/2025 10:42,5292,-48,0.89,Issue for Material Requisition
3/10/2025 10:44,5220,-72,0.88,Issue for Material Requisition
3/10/2025 11:26,5148,-72,0.86,Issue for Material Requisition
3/11/2025 12:05,5100,-48,0.86,Issue for Material Requisition
3/12/2025 8:05,5052,-48,0.85,Issue for Material Requisition
3/12/2025 8:37,4980,-72,0.84,Issue for Material Requisition
3/12/2025 8:51,4908,-72,0.82,Issue for Material Requisition
3/13/2025 13:04,4860,-48,0.81,Issue for Material Requisition
3/14/2025 15:30,4812,-48,0.81,Issue for Material Requisition
3/15/2025 7:37,4740,-72,0.79,Issue for Material Requisition
3/15/2025 7:59,4668,-72,0.78,Issue for Material Requisition
3/15/2025 8:27,4646,-22,0.78,Issue for Material Requisition
3/15/2025 8:28,4622,-24,0.78,Issue for Material Requisition
3/15/2025 8:31,4550,-72,0.76,Issue for Material Requisition
3/15/2025 12:45,4502,-48,0.75,Issue for Material Requisition
3/16/2025 11:20,4466,-36,0.75,Issue for Material Requisition
3/17/2025 7:41,4394,-72,0.74,Issue for Material Requisition
3/23/2025 13:02,4352,-42,0.73,Issue for Material Requisition
3/23/2025 13:05,4304,-48,0.72,Issue for Material Requisition
3/23/2025 13:09,4256,-48,0.71,Issue for Material Requisition
3/23/2025 13:17,4214,-18,0.71,Issue for Material Requisition
3/23/2025 13:17,4232,-24,0.71,Issue for Material Requisition
3/23/2025 13:20,4166,-48,0.7,Issue for Material Requisition
3/23/2025 13:23,4130,-36,0.69,Issue for Material Requisition
3/23/2025 13:46,4094,-36,0.69,Issue for Material Requisition
3/25/2025 8:49,4046,-48,0.68,Issue for Material Requisition
3/25/2025 9:03,3998,-48,0.67,Issue for Material Requisition
3/27/2025 14:32,3974,-24,0.67,Issue for Material Requisition
3/27/2025 14:37,3926,-48,0.66,Issue for Material Requisition
3/27/2025 15:13,3878,-48,0.65,Issue for Material Requisition
3/27/2025 15:25,3830,-48,0.64,Issue for Material Requisition
3/27/2025 15:29,3782,-48,0.63,Issue for Material Requisition
3/27/2025 15:35,3734,-48,0.63,Issue for Material Requisition
3/27/2025 15:42,3686,-48,0.62,Issue for Material Requisition
3/27/2025 15:44,3638,-48,0.61,Issue for Material Requisition
3/28/2025 9:21,3590,-48,0.6,Issue for Material Requisition
3/28/2025 11:26,3542,-48,0.59,Issue for Material Requisition
3/28/2025 11:36,3494,-48,0.59,Issue for Material Requisition
3/28/2025 11:41,3446,-48,0.58,Issue for Material Requisition
3/29/2025 11:01,3434,-12,0.58,Issue for Material Requisition
3/29/2025 11:01,3386,-48,0.57,Issue for Material Requisition
3/29/2025 11:05,3338,-48,0.56,Issue for Material Requisition
3/29/2025 11:14,3314,-24,0.56,Issue for Material Requisition
3/29/2025 11:15,3266,-48,0.55,Issue for Material Requisition
3/29/2025 11:23,3218,-48,0.54,Issue for Material Requisition
3/30/2025 11:16,3146,-72,0.53,Issue for Material Requisition
3/30/2025 11:22,3098,-48,0.52,Issue for Material Requisition
3/30/2025 13:12,3050,-48,0.51,Issue for Material Requisition
4/5/2025 8:16,3002,-48,0.5,Issue for Material Requisition
4/5/2025 8:20,2930,-10,0.49,Issue for Material Requisition
4/5/2025 8:20,2940,-62,0.49,Issue for Material Requisition
4/5/2025 8:31,2882,-48,0.48,Issue for Material Requisition
4/5/2025 8:49,2830,-52,0.47,Issue for Material Requisition
4/5/2025 8:52,2758,-72,0.46,Issue for Material Requisition
4/5/2025 8:56,2706,-52,0.45,Issue for Material Requisition
4/5/2025 9:04,2634,-72,0.44,Issue for Material Requisition
4/5/2025 9:08,2598,-36,0.44,Issue for Material Requisition
4/5/2025 9:10,2526,-72,0.42,Issue for Material Requisition
4/5/2025 9:16,2490,-36,0.42,Issue for Material Requisition
4/6/2025 10:17,2442,-48,0.41,Issue for Material Requisition
4/6/2025 10:32,2406,-36,0.4,Issue for Material Requisition
4/7/2025 15:42,2358,-48,0.4,Issue for Material Requisition
4/8/2025 13:39,2325,-33,0.39,Issue for Material Requisition
4/8/2025 13:42,2292,-33,0.38,Issue for Material Requisition
4/9/2025 9:04,2256,-36,0.38,Issue for Material Requisition
4/10/2025 9:57,2184,-72,0.37,Issue for Material Requisition
4/10/2025 10:18,2112,-72,0.35,Issue for Material Requisition
4/10/2025 15:02,2064,-48,0.35,Issue for Material Requisition
4/11/2025 9:35,1992,-72,0.33,Issue for Material Requisition
4/12/2025 7:51,1959,-33,0.33,Issue for Material Requisition
4/12/2025 11:50,1911,-48,0.32,Issue for Material Requisition
4/12/2025 15:12,1878,-33,0.31,Issue for Material Requisition
4/14/2025 9:10,1845,-33,0.31,Issue for Material Requisition
4/14/2025 9:13,1812,-33,0.3,Issue for Material Requisition
4/14/2025 9:16,1776,-36,0.3,Issue for Material Requisition
4/14/2025 13:53,1728,-48,0.29,Issue for Material Requisition
4/14/2025 15:23,1680,-48,0.28,Issue for Material Requisition
4/14/2025 15:30,1656,-24,0.28,Issue for Material Requisition
4/14/2025 17:00,1608,-48,0.27,Issue for Material Requisition
